{"cameraMode":{"drawMode":0,"name":"Shaded","section":"Shading Mode"},"sceneLighting":true,"audioPlay":false,"sceneViewState":{"m_AlwaysRefresh":false,"showFog":true,"showSkybox":true,"showFlares":true,"showImageEffects":true,"showParticleSystems":true,"showVisualEffectGraphs":true,"m_FxEnabled":true},"in2DMode":false,"pivot":{"x":-12.46982192993164,"y":2.8008460998535158,"z":-5.382200241088867},"rotation":{"x":0.1312854290008545,"y":0.027040526270866395,"z":0.007765080779790878,"w":0.9912159442901611},"size":12.12435531616211,"orthographic":false}