{"cameraMode":{"drawMode":0,"name":"Shaded","section":"Shading Mode"},"sceneLighting":true,"audioPlay":false,"sceneViewState":{"m_AlwaysRefresh":false,"showFog":true,"showSkybox":true,"showFlares":true,"showImageEffects":true,"showParticleSystems":true,"showVisualEffectGraphs":true,"m_FxEnabled":true},"in2DMode":false,"pivot":{"x":-0.2513740062713623,"y":6.348649978637695,"z":-19.107009887695314},"rotation":{"x":0.02571294456720352,"y":-0.00632654270157218,"z":0.011380947194993496,"w":0.9996013641357422},"size":5.949854850769043,"orthographic":false}